Round,Time [s],Loss,Accuracy
1,0.0,2.3013288415431976,0.1006
2,167.849621625,2.2960488585472105,0.1468
3,402.878883541,2.27065905752182,0.2229
