Round,Time [s],Loss,Accuracy
1,0.0,2.2980624202013016,0.1477
2,41.353397457999996,2.278677182292938,0.1686
3,79.826038458,2.1228522559404372,0.2433
4,116.56412325000001,1.9424118298888207,0.3072
