Round,Accuracy,Loss,Precision,Recall,F-score,test1_weight,test2_weight,test3_weight
1,0.12152562245672112,1.112168828646342,0.06503372945054177,0.12152562245672112,0.04954115342596884,1,1,1
2,0.13244749249892837,1.0706860621770222,0.10924072717724613,0.13244749249892837,0.06662141055733527,1,1,1
3,0.19022001517346024,1.0935280323028564,0.24312640033220032,0.19022001517346024,0.1388513745855968,1,1,1
