Round,Sim Time [s],Accuracy,Loss,Precision,Recall,F-score,prog [%]
1,6,0.10091009100910091,2.299780574131012,0.01312350564087693,0.10091009100910091,0.0202546345097636,100.0
