Round,Sim Time [s],Accuracy,Loss,Precision,Recall,F-score,prog [%]
1,34,0.13283674736188703,1.1118043761491776,0.04750050630426947,0.13283674736188703,0.058351428765918215,48.339999999999996
2,91,0.1566652378911273,1.0701095410823822,0.09810265427762198,0.1566652378911273,0.0795166729790478,46.67
3,149,0.21953238154355473,1.087998102581501,0.18339860346995415,0.21953238154355473,0.1493673385021506,48.339999999999996
