Round,Real Time[s],Sim Time[s],Accuracy,Loss,Precision,Recall,F-score,received,failure,p_rate[%]
1,32.07622,60,0.13283674736188703,1.1118043661117554,0.04750050630426947,0.13283674736188703,0.058351428765918215,1,0,100.0
2,58.672142875,120,0.1566652378911273,1.070109486579895,0.09810265427762198,0.1566652378911273,0.0795166729790478,1,0,100.0
3,86.498336416,180,0.21953238154355473,1.0879981517791748,0.18339860346995415,0.21953238154355473,0.1493673385021506,1,0,100.0
