Round,Real Time[s],Sim Time[s],Accuracy,Loss,Precision,Recall,F-score,received,failure,p_rate[%]
1,72.173191458,35,0.049969824984912495,2.481625556945801,0.011338769130192348,0.049969824984912495,0.007818314749906363,1,0,100.0
2,135.379620583,70,0.0518814851856482,2.3940584659576416,0.06856011288809293,0.0518814851856482,0.017587221786398988,1,0,100.0
3,200.773628375,105,0.06940253470126735,2.4747469425201416,0.03371042177507106,0.06940253470126735,0.03640995940636366,1,0,100.0
