Round,Sim Time [s],Accuracy,Loss,Precision,Recall,F-score,prog [%]
1,34,0.049969824984912495,2.481625621175766,0.011338769130192348,0.049969824984912495,0.007818314749906363,82.86
2,91,0.0518814851856482,2.3940585096120834,0.06856011288809293,0.0518814851856482,0.017587221786398988,80.0
3,149,0.06940253470126735,2.474746985507011,0.03371042177507106,0.06940253470126735,0.03640995940636366,82.86
