Round,Real Time[s],Sim Time[s],Accuracy,Loss,Precision,Recall,F-score,received,failure,p_rate[%]
1,37.994341125,60,0.11152493275398304,1.1113519668579102,0.0457563253496529,0.11152493275398304,0.034641292059997116,1,0,100.0
2,61.916464375,120,0.16652378911273039,1.0653910636901855,0.11957190581339443,0.16652378911273039,0.0854965004132849,1,0,100.0
3,87.140870208,180,0.24436168011587006,1.0177544355392456,0.30613984421360024,0.24436168011587006,0.19245020188694792,1,0,100.0
