Round,Sim Time [s],Accuracy,Loss,Precision,Recall,F-score,prog [%]
1,34,0.11152493275398304,1.1113519712924957,0.0457563253496529,0.11152493275398304,0.034641292059997116,48.339999999999996
2,91,0.16652378911273039,1.065391082239151,0.11957190581339443,0.16652378911273039,0.0854965004132849,46.67
3,149,0.24436168011587006,1.0177543964147568,0.30613984421360024,0.24436168011587006,0.19245020188694792,48.339999999999996
