Round,Sim Time [s],Accuracy,Loss,Precision,Recall,F-score,prog [%]
1,34,0.14876888061245602,1.1114514019012451,0.09351556511765775,0.14876888061245602,0.07746541035244857,48.339999999999996
2,91,0.14187741105872267,1.0684509618520737,0.18933728906093966,0.14187741105872267,0.07456316039998444,46.67
3,149,0.2062900889716532,1.0775108149647712,0.23216629389166865,0.2062900889716532,0.16118260775886292,48.339999999999996
