Round,Real Time[s],Sim Time[s],Accuracy,Loss,Precision,Recall,F-score,received,failure,p_rate[%]
1,48.388128083,60,0.14876888061245602,1.1114513874053955,0.09351556511765775,0.14876888061245602,0.07746541035244857,1,0,100.0
2,73.793785333,120,0.14187741105872267,1.068450927734375,0.18933728906093966,0.14187741105872267,0.07456316039998444,1,0,100.0
3,99.63505225,180,0.2062900889716532,1.0775108337402344,0.23216629389166865,0.2062900889716532,0.16118260775886292,1,0,100.0
